Workbook

Sheet Leggimi
A1: TRACKER DEI SECCHIELLI — monitoraggio del piano goals-based
A3: Come si usa:
A4: 1. IMPOSTAZIONI: definisci i secchielli (nome, capitale target) e l'ANNO DEL PIANO (0 = partenza).
A5: 2. GLIDE: il calendario del target % azioni per secchiello e per anno (incollalo da glidepath-obiettivi.py).
A6: Il target 'di oggi' in Impostazioni si aggiorna da solo quando cambi l'anno del piano.
A7: 3. POSIZIONI: elenca gli strumenti, assegnali a un secchiello (tendina) e a una classe, aggiorna i prezzi.
A8: 4. CONTROLLO: allocazione effettiva vs target per secchiello e aggregata, con semaforo sulle bande 5/25
A9: (si interviene se la deviazione supera 5 punti assoluti O il 25% relativo del target — vale la minore).
A10: 5. VERSAMENTI: registro dei conferimenti, con totali per secchiello e per l'anno in corso.
A12: Convenzioni: celle BLU = input da modificare; celle nere = formule (non toccare); verdi = collegamenti.
A13: Cadenza consigliata: prezzi e controllo ogni trimestre; anno del piano e Glide alla revisione annuale.
A14: I dati precompilati sono un ESEMPIO da sostituire con i tuoi.
... A17: Limiti: 6 secchielli (Impostazioni, righe 6-11), 30 posizioni (Posizioni, righe 4-33), 60 versamenti (Versamenti, righe 4-63), 31 anni di Glide (righe 3-33). Per andare oltre inserisci righe DENTRO gli intervalli: formule e SUMIFS si allargano da sole. Le bande della riga aggregata seguono la stessa regola 5/25.

Sheet Impostazioni
A1: IMPOSTAZIONI DEL PIANO
A2: Anno del piano (0 = partenza): | B2: 0
A5: Secchiello | B5: Tipo | C5: Capitale target | D5: Target % azioni (anno corrente)
A6: Fondo emergenza | B6: permanente | C6: 12000 | D6: =IF($A6="","",IFERROR(INDEX(Glide!B$3:B$33,$B$2+1),0)) -> 0
A7: Casa | B7: terminante | C7: 45000 | D7: =IF($A7="","",IFERROR(INDEX(Glide!C$3:C$33,$B$2+1),0)) -> 0.4
A8: Lungo termine | B8: permanente | C8: 43000 | D8: =IF($A8="","",IFERROR(INDEX(Glide!D$3:D$33,$B$2+1),0)) -> 0.9
D9: =IF($A9="","",IFERROR(INDEX(Glide!E$3:E$33,$B$2+1),0))
D10: =IF($A10="","",IFERROR(INDEX(Glide!F$3:F$33,$B$2+1),0))
D11: =IF($A11="","",IFERROR(INDEX(Glide!G$3:G$33,$B$2+1),0))
A13: Bande di ribilanciamento
A14: Banda assoluta (punti) | B14: 0.05
A15: Banda relativa (% del target) | B15: 0.25

Sheet Glide
A1: GLIDE PATH — target % azioni per secchiello e anno del piano
A2: Anno | B2: =IF(Impostazioni!A6="","",Impostazioni!A6) -> Fondo emergenza | C2: =IF(Impostazioni!A7="","",Impostazioni!A7) -> Casa | D2: =IF(Impostazioni!A8="","",Impostazioni!A8) -> Lungo termine | E2: =IF(Impostazioni!A9="","",Impostazioni!A9) | F2: =IF(Impostazioni!A10="","",Impostazioni!A10) | G2: =IF(Impostazioni!A11="","",Impostazioni!A11)
A3: 0 | B3: 0 | C3: 0.4 | D3: 0.9
A4: 1 | B4: 0 | C4: 0.4 | D4: 0.9
A5: 2 | B5: 0 | C5: 0.4 | D5: 0.9
A6: 3 | B6: 0 | C6: 0.4 | D6: 0.9
A7: 4 | B7: 0 | C7: 0.343 | D7: 0.9
A8: 5 | B8: 0 | C8: 0.286 | D8: 0.9
A9: 6 | B9: 0 | C9: 0.229 | D9: 0.9
A10: 7 | B10: 0 | C10: 0.171 | D10: 0.9
A11: 8 | B11: 0 | C11: 0.114 | D11: 0.9
A12: 9 | B12: 0 | C12: 0.057 | D12: 0.9
A13: 10 | B13: 0 | C13: 0 | D13: 0.9
A14: 11 | B14: 0 | C14: 0 | D14: 0.9
... A33: 30 | B33: 0 | C33: 0 | D33: 0.9

Sheet Posizioni
A1: POSIZIONI — assegna ogni strumento a un secchiello e a una classe
A3: Strumento | B3: Secchiello | C3: Classe | D3: Quantità | E3: Prezzo | F3: Controvalore | G3: Peso
A4: Conto deposito remunerato | B4: Fondo emergenza | C4: Liquidità | D4: 1 | E4: 12000 | F4: =IF(OR($D4="",$E4=""),"",$D4*$E4) -> 12000 | G4: =IF($F4="","",$F4/$F$34) -> 0.11961961
A5: ETF Azionario Globale | B5: Casa | C5: Azioni | D5: 200 | E5: 92 | F5: =IF(OR($D5="",$E5=""),"",$D5*$E5) -> 18400 | G5: =IF($F5="","",$F5/$F$34) -> 0.18341673
A6: ETF Obbligaz. Global Agg EUR-H | B6: Casa | C6: Obbligazioni | D6: 250 | E6: 105 | F6: =IF(OR($D6="",$E6=""),"",$D6*$E6) -> 26250 | G6: =IF($F6="","",$F6/$F$34) -> 0.2616679
A7: ETF Azionario Globale | B7: Lungo termine | C7: Azioni | D7: 400 | E7: 92 | F7: =IF(OR($D7="",$E7=""),"",$D7*$E7) -> 36800 | G7: =IF($F7="","",$F7/$F$34) -> 0.36683347
A8: ETF Monetario EUR | B8: Lungo termine | C8: Liquidità | D8: 68 | E8: 101 | F8: =IF(OR($D8="",$E8=""),"",$D8*$E8) -> 6868 | G8: =IF($F8="","",$F8/$F$34) -> 0.06846229
F9: =IF(OR($D9="",$E9=""),"",$D9*$E9) | G9: =IF($F9="","",$F9/$F$34)
F10: =IF(OR($D10="",$E10=""),"",$D10*$E10) | G10: =IF($F10="","",$F10/$F$34)
F11: =IF(OR($D11="",$E11=""),"",$D11*$E11) | G11: =IF($F11="","",$F11/$F$34)
F12: =IF(OR($D12="",$E12=""),"",$D12*$E12) | G12: =IF($F12="","",$F12/$F$34)
F13: =IF(OR($D13="",$E13=""),"",$D13*$E13) | G13: =IF($F13="","",$F13/$F$34)
F14: =IF(OR($D14="",$E14=""),"",$D14*$E14) | G14: =IF($F14="","",$F14/$F$34)
F15: =IF(OR($D15="",$E15=""),"",$D15*$E15) | G15: =IF($F15="","",$F15/$F$34)
F16: =IF(OR($D16="",$E16=""),"",$D16*$E16) | G16: =IF($F16="","",$F16/$F$34)
F17: =IF(OR($D17="",$E17=""),"",$D17*$E17) | G17: =IF($F17="","",$F17/$F$34)
F18: =IF(OR($D18="",$E18=""),"",$D18*$E18) | G18: =IF($F18="","",$F18/$F$34)
F19: =IF(OR($D19="",$E19=""),"",$D19*$E19) | G19: =IF($F19="","",$F19/$F$34)
F20: =IF(OR($D20="",$E20=""),"",$D20*$E20) | G20: =IF($F20="","",$F20/$F$34)
... F33: =IF(OR($D33="",$E33=""),"",$D33*$E33) | G33: =IF($F33="","",$F33/$F$34)
A34: TOTALE | F34: =SUM(F4:F33) -> 100318

Sheet Controllo
A1: CONTROLLO — effettivo vs target, semaforo bande 5/25
A3: Per secchiello
A4: Secchiello | B4: Capitale eff. | C4: % azioni eff. | D4: Target % | E4: Deviazione | F4: Soglia banda | G4: Stato
A5: =IF(Impostazioni!A6="","",Impostazioni!A6) -> Fondo emergenza | B5: =IF($A5="","",SUMIFS(Posizioni!$F$4:$F$33,Posizioni!$B$4:$B$33,$A5)) -> 12000 | C5: =IF($A5="","",IFERROR(SUMIFS(Posizioni!$F$4:$F$33,Posizioni!$B$4:$B$33,$A5,Posizioni!$C$4:$C$33,"Azioni")/$B5,0)) -> 0 | D5: =IF($A5="","",Impostazioni!D6) -> 0 | E5: =IF($A5="","",$C5-$D5) -> 0 | F5: =IF($A5="","",MIN(Impostazioni!$B$14,Impostazioni!$B$15*$D5)) -> 0 | G5: =IF($A5="","",IF($B5=0,"—",IF(ABS($E5)>$F5,"RIBILANCIA",IF(ABS($E5)>0.8*$F5,"VICINO","OK")))) -> OK
A6: =IF(Impostazioni!A7="","",Impostazioni!A7) -> Casa | B6: =IF($A6="","",SUMIFS(Posizioni!$F$4:$F$33,Posizioni!$B$4:$B$33,$A6)) -> 44650 | C6: =IF($A6="","",IFERROR(SUMIFS(Posizioni!$F$4:$F$33,Posizioni!$B$4:$B$33,$A6,Posizioni!$C$4:$C$33,"Azioni")/$B6,0)) -> 0.41209406 | D6: =IF($A6="","",Impostazioni!D7) -> 0.4 | E6: =IF($A6="","",$C6-$D6) -> 0.012094065 | F6: =IF($A6="","",MIN(Impostazioni!$B$14,Impostazioni!$B$15*$D6)) -> 0.05 | G6: =IF($A6="","",IF($B6=0,"—",IF(ABS($E6)>$F6,"RIBILANCIA",IF(ABS($E6)>0.8*$F6,"VICINO","OK")))) -> OK
A7: =IF(Impostazioni!A8="","",Impostazioni!A8) -> Lungo termine | B7: =IF($A7="","",SUMIFS(Posizioni!$F$4:$F$33,Posizioni!$B$4:$B$33,$A7)) -> 43668 | C7: =IF($A7="","",IFERROR(SUMIFS(Posizioni!$F$4:$F$33,Posizioni!$B$4:$B$33,$A7,Posizioni!$C$4:$C$33,"Azioni")/$B7,0)) -> 0.84272236 | D7: =IF($A7="","",Impostazioni!D8) -> 0.9 | E7: =IF($A7="","",$C7-$D7) -> -0.05727764 | F7: =IF($A7="","",MIN(Impostazioni!$B$14,Impostazioni!$B$15*$D7)) -> 0.05 | G7: =IF($A7="","",IF($B7=0,"—",IF(ABS($E7)>$F7,"RIBILANCIA",IF(ABS($E7)>0.8*$F7,"VICINO","OK")))) -> RIBILANCIA
A8: =IF(Impostazioni!A9="","",Impostazioni!A9) | B8: =IF($A8="","",SUMIFS(Posizioni!$F$4:$F$33,Posizioni!$B$4:$B$33,$A8)) | C8: =IF($A8="","",IFERROR(SUMIFS(Posizioni!$F$4:$F$33,Posizioni!$B$4:$B$33,$A8,Posizioni!$C$4:$C$33,"Azioni")/$B8,0)) | D8: =IF($A8="","",Impostazioni!D9) | E8: =IF($A8="","",$C8-$D8) | F8: =IF($A8="","",MIN(Impostazioni!$B$14,Impostazioni!$B$15*$D8)) | G8: =IF($A8="","",IF($B8=0,"—",IF(ABS($E8)>$F8,"RIBILANCIA",IF(ABS($E8)>0.8*$F8,"VICINO","OK"))))
A9: =IF(Impostazioni!A10="","",Impostazioni!A10) | B9: =IF($A9="","",SUMIFS(Posizioni!$F$4:$F$33,Posizioni!$B$4:$B$33,$A9)) | C9: =IF($A9="","",IFERROR(SUMIFS(Posizioni!$F$4:$F$33,Posizioni!$B$4:$B$33,$A9,Posizioni!$C$4:$C$33,"Azioni")/$B9,0)) | D9: =IF($A9="","",Impostazioni!D10) | E9: =IF($A9="","",$C9-$D9) | F9: =IF($A9="","",MIN(Impostazioni!$B$14,Impostazioni!$B$15*$D9)) | G9: =IF($A9="","",IF($B9=0,"—",IF(ABS($E9)>$F9,"RIBILANCIA",IF(ABS($E9)>0.8*$F9,"VICINO","OK"))))
A10: =IF(Impostazioni!A11="","",Impostazioni!A11) | B10: =IF($A10="","",SUMIFS(Posizioni!$F$4:$F$33,Posizioni!$B$4:$B$33,$A10)) | C10: =IF($A10="","",IFERROR(SUMIFS(Posizioni!$F$4:$F$33,Posizioni!$B$4:$B$33,$A10,Posizioni!$C$4:$C$33,"Azioni")/$B10,0)) | D10: =IF($A10="","",Impostazioni!D11) | E10: =IF($A10="","",$C10-$D10) | F10: =IF($A10="","",MIN(Impostazioni!$B$14,Impostazioni!$B$15*$D10)) | G10: =IF($A10="","",IF($B10=0,"—",IF(ABS($E10)>$F10,"RIBILANCIA",IF(ABS($E10)>0.8*$F10,"VICINO","OK"))))
A13: Aggregato (3 classi)
A14: Classe | B14: Effettivo | C14: % eff. | D14: Target % | E14: Deviazione | F14: Stato
A15: Azioni | B15: =SUMIFS(Posizioni!$F$4:$F$33,Posizioni!$C$4:$C$33,"Azioni") -> 55200 | C15: =IFERROR($B15/$B$18,0) -> 0.5502502 | D15: =IFERROR(SUMPRODUCT($B$5:$B$10,$D$5:$D$10)/$B$18,0) -> 0.56980004 | E15: =$C$15-$D$15 -> -0.019549832 | F15: =IF(ABS($E$15)>MIN(Impostazioni!$B$14,Impostazioni!$B$15*$D$15),"RIBILANCIA",IF(ABS($E$15)>0.8*MIN(Impostazioni!$B$14,Impostazioni!$B$15*$D$15),"VICINO","OK")) -> OK
A16: Obbligazioni | B16: =SUMIFS(Posizioni!$F$4:$F$33,Posizioni!$C$4:$C$33,"Obbligazioni") -> 26250 | C16: =IFERROR($B16/$B$18,0) -> 0.2616679 | D16: ="—" -> —
A17: Liquidità | B17: =SUMIFS(Posizioni!$F$4:$F$33,Posizioni!$C$4:$C$33,"Liquidità") -> 18868 | C17: =IFERROR($B17/$B$18,0) -> 0.1880819 | D17: ="—" -> —
A18: TOTALE | B18: =Posizioni!$F$34 -> 100318
A20: Nota: il target aggregato % azioni pesa i target dei secchielli per il loro capitale effettivo.

Sheet Versamenti
A1: VERSAMENTI — registro dei conferimenti
A3: Data | B3: Secchiello | C3: Importo | D3: Nota | F3: Secchiello | G3: Versato totale | H3: Versato anno corrente
A4: 46037 | B4: Casa | C4: 250 | D4: PAC mensile | F4: =IF(Impostazioni!A6="","",Impostazioni!A6) -> Fondo emergenza | G4: =IF($F4="","",SUMIFS($C$4:$C$63,$B$4:$B$63,$F4)) -> 0 | H4: =IF($F4="","",SUMIFS($C$4:$C$63,$B$4:$B$63,$F4,$A$4:$A$63,">="&DATE(YEAR(TODAY()),1,1))) -> 0
A5: 46069 | B5: Casa | C5: 250 | D5: PAC mensile | F5: =IF(Impostazioni!A7="","",Impostazioni!A7) -> Casa | G5: =IF($F5="","",SUMIFS($C$4:$C$63,$B$4:$B$63,$F5)) -> 500 | H5: =IF($F5="","",SUMIFS($C$4:$C$63,$B$4:$B$63,$F5,$A$4:$A$63,">="&DATE(YEAR(TODAY()),1,1))) -> 500
F6: =IF(Impostazioni!A8="","",Impostazioni!A8) -> Lungo termine | G6: =IF($F6="","",SUMIFS($C$4:$C$63,$B$4:$B$63,$F6)) -> 0 | H6: =IF($F6="","",SUMIFS($C$4:$C$63,$B$4:$B$63,$F6,$A$4:$A$63,">="&DATE(YEAR(TODAY()),1,1))) -> 0
F7: =IF(Impostazioni!A9="","",Impostazioni!A9) | G7: =IF($F7="","",SUMIFS($C$4:$C$63,$B$4:$B$63,$F7)) | H7: =IF($F7="","",SUMIFS($C$4:$C$63,$B$4:$B$63,$F7,$A$4:$A$63,">="&DATE(YEAR(TODAY()),1,1)))
F8: =IF(Impostazioni!A10="","",Impostazioni!A10) | G8: =IF($F8="","",SUMIFS($C$4:$C$63,$B$4:$B$63,$F8)) | H8: =IF($F8="","",SUMIFS($C$4:$C$63,$B$4:$B$63,$F8,$A$4:$A$63,">="&DATE(YEAR(TODAY()),1,1)))
F9: =IF(Impostazioni!A11="","",Impostazioni!A11) | G9: =IF($F9="","",SUMIFS($C$4:$C$63,$B$4:$B$63,$F9)) | H9: =IF($F9="","",SUMIFS($C$4:$C$63,$B$4:$B$63,$F9,$A$4:$A$63,">="&DATE(YEAR(TODAY()),1,1)))
